dataset_ID,interval,spikes
5,1,6062
5,2,10732
5,3,7970
5,4,11341
5,5,13649
5,6,76261
5,7,124955
5,8,70800
5,9,67544
5,10,9228
5,11,6442
5,12,8643
5,13,14095
5,14,12238
5,15,13011
5,16,15372
5,17,13731
5,18,28134
5,19,80686
5,20,14231
5,21,17189
5,22,46208
5,23,11530
5,24,10312
5,25,9399
5,26,9397
5,27,17658
5,28,9483
5,29,12726
5,30,17362
7,31,5462
7,32,7079
7,33,12861
7,34,9218
7,35,11137
7,36,80360
7,37,87684
7,38,78251
7,39,76618
7,40,7615
7,41,4993
7,42,8712
7,43,10428
7,44,9082
7,45,7815
7,46,11223
7,47,9933
7,48,34925
7,49,102265
7,50,10828
7,51,13321
7,52,38897
7,53,19828
7,54,11690
7,55,12409
7,56,17123
7,57,9805
7,58,16595
7,59,14372
7,60,15634
0,61,5950
0,62,7132
0,63,24436
0,64,14017
0,65,8748
0,66,102580
0,67,115106
0,68,77393
0,69,54874
0,70,12815
0,71,7866
0,72,5344
0,73,8528
0,74,7001
0,75,10214
0,76,11318
0,77,16039
0,78,16228
0,79,109570
0,80,10616
0,81,9551
0,82,48411
0,83,18143
0,84,15951
0,85,14500
0,86,11074
0,87,14010
0,88,11480
0,89,8516
0,90,12053
3,91,6781
3,92,12801
3,93,14218
3,94,17653
3,95,10006
3,96,89340
3,97,91998
3,98,76674
3,99,61815
3,100,5165
3,101,5525
3,102,11207
3,103,8282
3,104,16026
3,105,12337
3,106,10882
3,107,6852
3,108,27620
3,109,75166
3,110,14298
3,111,17370
3,112,31605
3,113,18522
3,114,9730
3,115,17959
3,116,7731
3,117,9435
3,118,11327
3,119,21474
3,120,8266
0,121,5950
0,122,7132
0,123,24436
0,124,14017
0,125,8748
0,126,102580
0,127,115106
0,128,77393
0,129,54874
0,130,12815
0,131,7866
0,132,5344
0,133,8528
0,134,7001
0,135,10214
0,136,11318
0,137,16039
0,138,16228
0,139,109570
0,140,10616
0,141,9551
0,142,48411
0,143,18143
0,144,15951
0,145,14500
0,146,11074
0,147,14010
0,148,11480
0,149,8516
0,150,12053
5,151,6062
5,152,10732
5,153,7970
5,154,11341
5,155,13649
5,156,76261
5,157,124955
5,158,70800
5,159,67544
5,160,9228
5,161,6442
5,162,8643
5,163,14095
5,164,12238
5,165,13011
5,166,15372
5,167,13731
5,168,28134
5,169,80686
5,170,14231
5,171,17189
5,172,46208
5,173,11530
5,174,10312
5,175,9399
5,176,9397
5,177,17658
5,178,9483
5,179,12726
5,180,17362
7,181,5462
7,182,7079
7,183,12861
7,184,9218
7,185,11137
7,186,80360
7,187,87684
7,188,78251
7,189,76618
7,190,7615
7,191,4993
7,192,8712
7,193,10428
7,194,9082
7,195,7815
7,196,11223
7,197,9933
7,198,34925
7,199,102265
7,200,10828
7,201,13321
7,202,38897
7,203,19828
7,204,11690
7,205,12409
7,206,17123
7,207,9805
7,208,16595
7,209,14372
7,210,15634
3,211,6781
3,212,12801
3,213,14218
3,214,17653
3,215,10006
3,216,89340
3,217,91998
3,218,76674
3,219,61815
3,220,5165
3,221,5525
3,222,11207
3,223,8282
3,224,16026
3,225,12337
3,226,10882
3,227,6852
3,228,27620
3,229,75166
3,230,14298
3,231,17370
3,232,31605
3,233,18522
3,234,9730
3,235,17959
3,236,7731
3,237,9435
3,238,11327
3,239,21474
3,240,8266
3,241,6781
3,242,12801
3,243,14218
3,244,17653
3,245,10006
3,246,89340
3,247,91998
3,248,76674
3,249,61815
3,250,5165
3,251,5525
3,252,11207
3,253,8282
3,254,16026
3,255,12337
3,256,10882
3,257,6852
3,258,27620
3,259,75166
3,260,14298
3,261,17370
3,262,31605
3,263,18522
3,264,9730
3,265,17959
3,266,7731
3,267,9435
3,268,11327
3,269,21474
3,270,8266
5,271,6062
5,272,10732
5,273,7970
5,274,11341
5,275,13649
5,276,76261
5,277,124955
5,278,70800
5,279,67544
5,280,9228
5,281,6442
5,282,8643
5,283,14095
5,284,12238
5,285,13011
5,286,15372
5,287,13731
5,288,28134
5,289,80686
5,290,14231
5,291,17189
5,292,46208
5,293,11530
5,294,10312
5,295,9399
5,296,9397
5,297,17658
5,298,9483
5,299,12726
5,300,17362
7,301,5462
7,302,7079
7,303,12861
7,304,9218
7,305,11137
7,306,80360
7,307,87684
7,308,78251
7,309,76618
7,310,7615
7,311,4993
7,312,8712
7,313,10428
7,314,9082
7,315,7815
7,316,11223
7,317,9933
7,318,34925
7,319,102265
7,320,10828
7,321,13321
7,322,38897
7,323,19828
7,324,11690
7,325,12409
7,326,17123
7,327,9805
7,328,16595
7,329,14372
7,330,15634
0,331,5950
0,332,7132
0,333,24436
0,334,14017
0,335,8748
0,336,102580
0,337,115106
0,338,77393
0,339,54874
0,340,12815
0,341,7866
0,342,5344
0,343,8528
0,344,7001
0,345,10214
0,346,11318
0,347,16039
0,348,16228
0,349,109570
0,350,10616
0,351,9551
0,352,48411
0,353,18143
0,354,15951
0,355,14500
0,356,11074
0,357,14010
0,358,11480
0,359,8516
0,360,12053
5,361,6062
5,362,10732
5,363,7970
5,364,11341
5,365,13649
5,366,76261
5,367,124955
5,368,70800
5,369,67544
5,370,9228
5,371,6442
5,372,8643
5,373,14095
5,374,12238
5,375,13011
5,376,15372
5,377,13731
5,378,28134
5,379,80686
5,380,14231
5,381,17189
5,382,46208
5,383,11530
5,384,10312
5,385,9399
5,386,9397
5,387,17658
5,388,9483
5,389,12726
5,390,17362
7,391,5462
7,392,7079
7,393,12861
7,394,9218
7,395,11137
7,396,80360
7,397,87684
7,398,78251
7,399,76618
7,400,7615
7,401,4993
7,402,8712
7,403,10428
7,404,9082
7,405,7815
7,406,11223
7,407,9933
7,408,34925
7,409,102265
7,410,10828
7,411,13321
7,412,38897
7,413,19828
7,414,11690
7,415,12409
7,416,17123
7,417,9805
7,418,16595
7,419,14372
7,420,15634
3,421,6781
3,422,12801
3,423,14218
3,424,17653
3,425,10006
3,426,89340
3,427,91998
3,428,76674
3,429,61815
3,430,5165
3,431,5525
3,432,11207
3,433,8282
3,434,16026
3,435,12337
3,436,10882
3,437,6852
3,438,27620
3,439,75166
3,440,14298
3,441,17370
3,442,31605
3,443,18522
3,444,9730
3,445,17959
3,446,7731
3,447,9435
3,448,11327
3,449,21474
3,450,8266
0,451,5950
0,452,7132
0,453,24436
0,454,14017
0,455,8748
0,456,102580
0,457,115106
0,458,77393
0,459,54874
0,460,12815
0,461,7866
0,462,5344
0,463,8528
0,464,7001
0,465,10214
0,466,11318
0,467,16039
0,468,16228
0,469,109570
0,470,10616
0,471,9551
0,472,48411
0,473,18143
0,474,15951
0,475,14500
0,476,11074
0,477,14010
0,478,11480
0,479,8516
0,480,12053
3,481,6781
3,482,12801
3,483,14218
3,484,17653
3,485,10006
3,486,89340
3,487,91998
3,488,76674
3,489,61815
3,490,5165
3,491,5525
3,492,11207
3,493,8282
3,494,16026
3,495,12337
3,496,10882
3,497,6852
3,498,27620
3,499,75166
3,500,14298
3,501,17370
3,502,31605
3,503,18522
3,504,9730
3,505,17959
3,506,7731
3,507,9435
3,508,11327
3,509,21474
3,510,8266
7,511,5462
7,512,7079
7,513,12861
7,514,9218
7,515,11137
7,516,80360
7,517,87684
7,518,78251
7,519,76618
7,520,7615
7,521,4993
7,522,8712
7,523,10428
7,524,9082
7,525,7815
7,526,11223
7,527,9933
7,528,34925
7,529,102265
7,530,10828
7,531,13321
7,532,38897
7,533,19828
7,534,11690
7,535,12409
7,536,17123
7,537,9805
7,538,16595
7,539,14372
7,540,15634
5,541,6062
5,542,10732
5,543,7970
5,544,11341
5,545,13649
5,546,76261
5,547,124955
5,548,70800
5,549,67544
5,550,9228
5,551,6442
5,552,8643
5,553,14095
5,554,12238
5,555,13011
5,556,15372
5,557,13731
5,558,28134
5,559,80686
5,560,14231
5,561,17189
5,562,46208
5,563,11530
5,564,10312
5,565,9399
5,566,9397
5,567,17658
5,568,9483
5,569,12726
5,570,17362
0,571,5950
0,572,7132
0,573,24436
0,574,14017
0,575,8748
0,576,102580
0,577,115106
0,578,77393
0,579,54874
0,580,12815
0,581,7866
0,582,5344
0,583,8528
0,584,7001
0,585,10214
0,586,11318
0,587,16039
0,588,16228
0,589,109570
0,590,10616
0,591,9551
0,592,48411
0,593,18143
0,594,15951
0,595,14500
0,596,11074
0,597,14010
0,598,11480
0,599,8516
0,600,12053
7,601,5462
7,602,7079
7,603,12861
7,604,9218
7,605,11137
7,606,80360
7,607,87684
7,608,78251
7,609,76618
7,610,7615
7,611,4993
7,612,8712
7,613,10428
7,614,9082
7,615,7815
7,616,11223
7,617,9933
7,618,34925
7,619,102265
7,620,10828
7,621,13321
7,622,38897
7,623,19828
7,624,11690
7,625,12409
7,626,17123
7,627,9805
7,628,16595
7,629,14372
7,630,15634
5,631,6062
5,632,10732
5,633,7970
5,634,11341
5,635,13649
5,636,76261
5,637,124955
5,638,70800
5,639,67544
5,640,9228
5,641,6442
5,642,8643
5,643,14095
5,644,12238
5,645,13011
5,646,15372
5,647,13731
5,648,28134
5,649,80686
5,650,14231
5,651,17189
5,652,46208
5,653,11530
5,654,10312
5,655,9399
5,656,9397
5,657,17658
5,658,9483
5,659,12726
5,660,17362
0,661,5950
0,662,7132
0,663,24436
0,664,14017
0,665,8748
0,666,102580
0,667,115106
0,668,77393
0,669,54874
0,670,12815
0,671,7866
0,672,5344
0,673,8528
0,674,7001
0,675,10214
0,676,11318
0,677,16039
0,678,16228
0,679,109570
0,680,10616
0,681,9551
0,682,48411
0,683,18143
0,684,15951
0,685,14500
0,686,11074
0,687,14010
0,688,11480
0,689,8516
0,690,12053
3,691,6781
3,692,12801
3,693,14218
3,694,17653
3,695,10006
3,696,89340
3,697,91998
3,698,76674
3,699,61815
3,700,5165
3,701,5525
3,702,11207
3,703,8282
3,704,16026
3,705,12337
3,706,10882
3,707,6852
3,708,27620
3,709,75166
3,710,14298
3,711,17370
3,712,31605
3,713,18522
3,714,9730
3,715,17959
3,716,7731
3,717,9435
3,718,11327
3,719,21474
3,720,8266
5,721,6062
5,722,10732
5,723,7970
5,724,11341
5,725,13649
5,726,76261
5,727,124955
5,728,70800
5,729,67544
5,730,9228
5,731,6442
5,732,8643
5,733,14095
5,734,12238
5,735,13011
5,736,15372
5,737,13731
5,738,28134
5,739,80686
5,740,14231
5,741,17189
5,742,46208
5,743,11530
5,744,10312
5,745,9399
5,746,9397
5,747,17658
5,748,9483
5,749,12726
5,750,17362
0,751,5950
0,752,7132
0,753,24436
0,754,14017
0,755,8748
0,756,102580
0,757,115106
0,758,77393
0,759,54874
0,760,12815
0,761,7866
0,762,5344
0,763,8528
0,764,7001
0,765,10214
0,766,11318
0,767,16039
0,768,16228
0,769,109570
0,770,10616
0,771,9551
0,772,48411
0,773,18143
0,774,15951
0,775,14500
0,776,11074
0,777,14010
0,778,11480
0,779,8516
0,780,12053
3,781,6781
3,782,12801
3,783,14218
3,784,17653
3,785,10006
3,786,89340
3,787,91998
3,788,76674
3,789,61815
3,790,5165
3,791,5525
3,792,11207
3,793,8282
3,794,16026
3,795,12337
3,796,10882
3,797,6852
3,798,27620
3,799,75166
3,800,14298
3,801,17370
3,802,31605
3,803,18522
3,804,9730
3,805,17959
3,806,7731
3,807,9435
3,808,11327
3,809,21474
3,810,8266
7,811,5462
7,812,7079
7,813,12861
7,814,9218
7,815,11137
7,816,80360
7,817,87684
7,818,78251
7,819,76618
7,820,7615
7,821,4993
7,822,8712
7,823,10428
7,824,9082
7,825,7815
7,826,11223
7,827,9933
7,828,34925
7,829,102265
7,830,10828
7,831,13321
7,832,38897
7,833,19828
7,834,11690
7,835,12409
7,836,17123
7,837,9805
7,838,16595
7,839,14372
7,840,15634
0,841,5950
0,842,7132
0,843,24436
0,844,14017
0,845,8748
0,846,102580
0,847,115106
0,848,77393
0,849,54874
0,850,12815
0,851,7866
0,852,5344
0,853,8528
0,854,7001
0,855,10214
0,856,11318
0,857,16039
0,858,16228
0,859,109570
0,860,10616
0,861,9551
0,862,48411
0,863,18143
0,864,15951
0,865,14500
0,866,11074
0,867,14010
0,868,11480
0,869,8516
0,870,12053
7,871,5462
7,872,7079
7,873,12861
7,874,9218
7,875,11137
7,876,80360
7,877,87684
7,878,78251
7,879,76618
7,880,7615
7,881,4993
7,882,8712
7,883,10428
7,884,9082
7,885,7815
7,886,11223
7,887,9933
7,888,34925
7,889,102265
7,890,10828
7,891,13321
7,892,38897
7,893,19828
7,894,11690
7,895,12409
7,896,17123
7,897,9805
7,898,16595
7,899,14372
7,900,15634
5,901,6062
5,902,10732
5,903,7970
5,904,11341
5,905,13649
5,906,76261
5,907,124955
5,908,70800
5,909,67544
5,910,9228
5,911,6442
5,912,8643
5,913,14095
5,914,12238
5,915,13011
5,916,15372
5,917,13731
5,918,28134
5,919,80686
5,920,14231
5,921,17189
5,922,46208
5,923,11530
5,924,10312
5,925,9399
5,926,9397
5,927,17658
5,928,9483
5,929,12726
5,930,17362
3,931,6781
3,932,12801
3,933,14218
3,934,17653
3,935,10006
3,936,89340
3,937,91998
3,938,76674
3,939,61815
3,940,5165
3,941,5525
3,942,11207
3,943,8282
3,944,16026
3,945,12337
3,946,10882
3,947,6852
3,948,27620
3,949,75166
3,950,14298
3,951,17370
3,952,31605
3,953,18522
3,954,9730
3,955,17959
3,956,7731
3,957,9435
3,958,11327
3,959,21474
3,960,8266
3,961,6781
3,962,12801
3,963,14218
3,964,17653
3,965,10006
3,966,89340
3,967,91998
3,968,76674
3,969,61815
3,970,5165
3,971,5525
3,972,11207
3,973,8282
3,974,16026
3,975,12337
3,976,10882
3,977,6852
3,978,27620
3,979,75166
3,980,14298
3,981,17370
3,982,31605
3,983,18522
3,984,9730
3,985,17959
3,986,7731
3,987,9435
3,988,11327
3,989,21474
3,990,8266
0,991,5950
0,992,7132
0,993,24436
0,994,14017
0,995,8748
0,996,102580
0,997,115106
0,998,77393
0,999,54874
0,1000,12815
0,1001,7866
0,1002,5344
0,1003,8528
0,1004,7001
0,1005,10214
0,1006,11318
0,1007,16039
0,1008,16228
0,1009,109570
0,1010,10616
0,1011,9551
0,1012,48411
0,1013,18143
0,1014,15951
0,1015,14500
0,1016,11074
0,1017,14010
0,1018,11480
0,1019,8516
0,1020,12053
7,1021,5462
7,1022,7079
7,1023,12861
7,1024,9218
7,1025,11137
7,1026,80360
7,1027,87684
7,1028,78251
7,1029,76618
7,1030,7615
7,1031,4993
7,1032,8712
7,1033,10428
7,1034,9082
7,1035,7815
7,1036,11223
7,1037,9933
7,1038,34925
7,1039,102265
7,1040,10828
7,1041,13321
7,1042,38897
7,1043,19828
7,1044,11690
7,1045,12409
7,1046,17123
7,1047,9805
7,1048,16595
7,1049,14372
7,1050,15634
5,1051,6062
5,1052,10732
5,1053,7970
5,1054,11341
5,1055,13649
5,1056,76261
5,1057,124955
5,1058,70800
5,1059,67544
5,1060,9228
5,1061,6442
5,1062,8643
5,1063,14095
5,1064,12238
5,1065,13011
5,1066,15372
5,1067,13731
5,1068,28134
5,1069,80686
5,1070,14231
5,1071,17189
5,1072,46208
5,1073,11530
5,1074,10312
5,1075,9399
5,1076,9397
5,1077,17658
5,1078,9483
5,1079,12726
5,1080,17362
3,1081,6781
3,1082,12801
3,1083,14218
3,1084,17653
3,1085,10006
3,1086,89340
3,1087,91998
3,1088,76674
3,1089,61815
3,1090,5165
3,1091,5525
3,1092,11207
3,1093,8282
3,1094,16026
3,1095,12337
3,1096,10882
3,1097,6852
3,1098,27620
3,1099,75166
3,1100,14298
3,1101,17370
3,1102,31605
3,1103,18522
3,1104,9730
3,1105,17959
3,1106,7731
3,1107,9435
3,1108,11327
3,1109,21474
3,1110,8266
5,1111,6062
5,1112,10732
5,1113,7970
5,1114,11341
5,1115,13649
5,1116,76261
5,1117,124955
5,1118,70800
5,1119,67544
5,1120,9228
5,1121,6442
5,1122,8643
5,1123,14095
5,1124,12238
5,1125,13011
5,1126,15372
5,1127,13731
5,1128,28134
5,1129,80686
5,1130,14231
5,1131,17189
5,1132,46208
5,1133,11530
5,1134,10312
5,1135,9399
5,1136,9397
5,1137,17658
5,1138,9483
5,1139,12726
5,1140,17362
0,1141,5950
0,1142,7132
0,1143,24436
0,1144,14017
0,1145,8748
0,1146,102580
0,1147,115106
0,1148,77393
0,1149,54874
0,1150,12815
0,1151,7866
0,1152,5344
0,1153,8528
0,1154,7001
0,1155,10214
0,1156,11318
0,1157,16039
0,1158,16228
0,1159,109570
0,1160,10616
0,1161,9551
0,1162,48411
0,1163,18143
0,1164,15951
0,1165,14500
0,1166,11074
0,1167,14010
0,1168,11480
0,1169,8516
0,1170,12053
7,1171,5462
7,1172,7079
7,1173,12861
7,1174,9218
7,1175,11137
7,1176,80360
7,1177,87684
7,1178,78251
7,1179,76618
7,1180,7615
7,1181,4993
7,1182,8712
7,1183,10428
7,1184,9082
7,1185,7815
7,1186,11223
7,1187,9933
7,1188,34925
7,1189,102265
7,1190,10828
7,1191,13321
7,1192,38897
7,1193,19828
7,1194,11690
7,1195,12409
7,1196,17123
7,1197,9805
7,1198,16595
7,1199,14372
7,1200,15634
7,1201,5462
7,1202,7079
7,1203,12861
7,1204,9218
7,1205,11137
7,1206,80360
7,1207,87684
7,1208,78251
7,1209,76618
7,1210,7615
7,1211,4993
7,1212,8712
7,1213,10428
7,1214,9082
7,1215,7815
7,1216,11223
7,1217,9933
7,1218,34925
7,1219,102265
7,1220,10828
7,1221,13321
7,1222,38897
7,1223,19828
7,1224,11690
7,1225,12409
7,1226,17123
7,1227,9805
7,1228,16595
7,1229,14372
7,1230,15634
0,1231,5950
0,1232,7132
0,1233,24436
0,1234,14017
0,1235,8748
0,1236,102580
0,1237,115106
0,1238,77393
0,1239,54874
0,1240,12815
0,1241,7866
0,1242,5344
0,1243,8528
0,1244,7001
0,1245,10214
0,1246,11318
0,1247,16039
0,1248,16228
0,1249,109570
0,1250,10616
0,1251,9551
0,1252,48411
0,1253,18143
0,1254,15951
0,1255,14500
0,1256,11074
0,1257,14010
0,1258,11480
0,1259,8516
0,1260,12053
5,1261,6062
5,1262,10732
5,1263,7970
5,1264,11341
5,1265,13649
5,1266,76261
5,1267,124955
5,1268,70800
5,1269,67544
5,1270,9228
5,1271,6442
5,1272,8643
5,1273,14095
5,1274,12238
5,1275,13011
5,1276,15372
5,1277,13731
5,1278,28134
5,1279,80686
5,1280,14231
5,1281,17189
5,1282,46208
5,1283,11530
5,1284,10312
5,1285,9399
5,1286,9397
5,1287,17658
5,1288,9483
5,1289,12726
5,1290,17362
3,1291,6781
3,1292,12801
3,1293,14218
3,1294,17653
3,1295,10006
3,1296,89340
3,1297,91998
3,1298,76674
3,1299,61815
3,1300,5165
3,1301,5525
3,1302,11207
3,1303,8282
3,1304,16026
3,1305,12337
3,1306,10882
3,1307,6852
3,1308,27620
3,1309,75166
3,1310,14298
3,1311,17370
3,1312,31605
3,1313,18522
3,1314,9730
3,1315,17959
3,1316,7731
3,1317,9435
3,1318,11327
3,1319,21474
3,1320,8266
0,1321,5950
0,1322,7132
0,1323,24436
0,1324,14017
0,1325,8748
0,1326,102580
0,1327,115106
0,1328,77393
0,1329,54874
0,1330,12815
0,1331,7866
0,1332,5344
0,1333,8528
0,1334,7001
0,1335,10214
0,1336,11318
0,1337,16039
0,1338,16228
0,1339,109570
0,1340,10616
0,1341,9551
0,1342,48411
0,1343,18143
0,1344,15951
0,1345,14500
0,1346,11074
0,1347,14010
0,1348,11480
0,1349,8516
0,1350,12053
5,1351,6062
5,1352,10732
5,1353,7970
5,1354,11341
5,1355,13649
5,1356,76261
5,1357,124955
5,1358,70800
5,1359,67544
5,1360,9228
5,1361,6442
5,1362,8643
5,1363,14095
5,1364,12238
5,1365,13011
5,1366,15372
5,1367,13731
5,1368,28134
5,1369,80686
5,1370,14231
5,1371,17189
5,1372,46208
5,1373,11530
5,1374,10312
5,1375,9399
5,1376,9397
5,1377,17658
5,1378,9483
5,1379,12726
5,1380,17362
3,1381,6781
3,1382,12801
3,1383,14218
3,1384,17653
3,1385,10006
3,1386,89340
3,1387,91998
3,1388,76674
3,1389,61815
3,1390,5165
3,1391,5525
3,1392,11207
3,1393,8282
3,1394,16026
3,1395,12337
3,1396,10882
3,1397,6852
3,1398,27620
3,1399,75166
3,1400,14298
3,1401,17370
3,1402,31605
3,1403,18522
3,1404,9730
3,1405,17959
3,1406,7731
3,1407,9435
3,1408,11327
3,1409,21474
3,1410,8266
7,1411,5462
7,1412,7079
7,1413,12861
7,1414,9218
7,1415,11137
7,1416,80360
7,1417,87684
7,1418,78251
7,1419,76618
7,1420,7615
7,1421,4993
7,1422,8712
7,1423,10428
7,1424,9082
7,1425,7815
7,1426,11223
7,1427,9933
7,1428,34925
7,1429,102265
7,1430,10828
7,1431,13321
7,1432,38897
7,1433,19828
7,1434,11690
7,1435,12409
7,1436,17123
7,1437,9805
7,1438,16595
7,1439,14372
7,1440,15634
3,1441,6781
3,1442,12801
3,1443,14218
3,1444,17653
3,1445,10006
3,1446,89340
3,1447,91998
3,1448,76674
3,1449,61815
3,1450,5165
3,1451,5525
3,1452,11207
3,1453,8282
3,1454,16026
3,1455,12337
3,1456,10882
3,1457,6852
3,1458,27620
3,1459,75166
3,1460,14298
3,1461,17370
3,1462,31605
3,1463,18522
3,1464,9730
3,1465,17959
3,1466,7731
3,1467,9435
3,1468,11327
3,1469,21474
3,1470,8266
7,1471,5462
7,1472,7079
7,1473,12861
7,1474,9218
7,1475,11137
7,1476,80360
7,1477,87684
7,1478,78251
7,1479,76618
7,1480,7615
7,1481,4993
7,1482,8712
7,1483,10428
7,1484,9082
7,1485,7815
7,1486,11223
7,1487,9933
7,1488,34925
7,1489,102265
7,1490,10828
7,1491,13321
7,1492,38897
7,1493,19828
7,1494,11690
7,1495,12409
7,1496,17123
7,1497,9805
7,1498,16595
7,1499,14372
7,1500,15634
0,1501,5950
0,1502,7132
0,1503,24436
0,1504,14017
0,1505,8748
0,1506,102580
0,1507,115106
0,1508,77393
0,1509,54874
0,1510,12815
0,1511,7866
0,1512,5344
0,1513,8528
0,1514,7001
0,1515,10214
0,1516,11318
0,1517,16039
0,1518,16228
0,1519,109570
0,1520,10616
0,1521,9551
0,1522,48411
0,1523,18143
0,1524,15951
0,1525,14500
0,1526,11074
0,1527,14010
0,1528,11480
0,1529,8516
0,1530,12053
5,1531,6062
5,1532,10732
5,1533,7970
5,1534,11341
5,1535,13649
5,1536,76261
5,1537,124955
5,1538,70800
5,1539,67544
5,1540,9228
5,1541,6442
5,1542,8643
5,1543,14095
5,1544,12238
5,1545,13011
5,1546,15372
5,1547,13731
5,1548,28134
5,1549,80686
5,1550,14231
5,1551,17189
5,1552,46208
5,1553,11530
5,1554,10312
5,1555,9399
5,1556,9397
5,1557,17658
5,1558,9483
5,1559,12726
5,1560,17362
0,1561,5950
0,1562,7132
0,1563,24436
0,1564,14017
0,1565,8748
0,1566,102580
0,1567,115106
0,1568,77393
0,1569,54874
0,1570,12815
0,1571,7866
0,1572,5344
0,1573,8528
0,1574,7001
0,1575,10214
0,1576,11318
0,1577,16039
0,1578,16228
0,1579,109570
0,1580,10616
0,1581,9551
0,1582,48411
0,1583,18143
0,1584,15951
0,1585,14500
0,1586,11074
0,1587,14010
0,1588,11480
0,1589,8516
0,1590,12053
7,1591,5462
7,1592,7079
7,1593,12861
7,1594,9218
7,1595,11137
7,1596,80360
7,1597,87684
7,1598,78251
7,1599,76618
7,1600,7615
7,1601,4993
7,1602,8712
7,1603,10428
7,1604,9082
7,1605,7815
7,1606,11223
7,1607,9933
7,1608,34925
7,1609,102265
7,1610,10828
7,1611,13321
7,1612,38897
7,1613,19828
7,1614,11690
7,1615,12409
7,1616,17123
7,1617,9805
7,1618,16595
7,1619,14372
7,1620,15634
3,1621,6781
3,1622,12801
3,1623,14218
3,1624,17653
3,1625,10006
3,1626,89340
3,1627,91998
3,1628,76674
3,1629,61815
3,1630,5165
3,1631,5525
3,1632,11207
3,1633,8282
3,1634,16026
3,1635,12337
3,1636,10882
3,1637,6852
3,1638,27620
3,1639,75166
3,1640,14298
3,1641,17370
3,1642,31605
3,1643,18522
3,1644,9730
3,1645,17959
3,1646,7731
3,1647,9435
3,1648,11327
3,1649,21474
3,1650,8266
5,1651,6062
5,1652,10732
5,1653,7970
5,1654,11341
5,1655,13649
5,1656,76261
5,1657,124955
5,1658,70800
5,1659,67544
5,1660,9228
5,1661,6442
5,1662,8643
5,1663,14095
5,1664,12238
5,1665,13011
5,1666,15372
5,1667,13731
5,1668,28134
5,1669,80686
5,1670,14231
5,1671,17189
5,1672,46208
5,1673,11530
5,1674,10312
5,1675,9399
5,1676,9397
5,1677,17658
5,1678,9483
5,1679,12726
5,1680,17362
7,1681,5462
7,1682,7079
7,1683,12861
7,1684,9218
7,1685,11137
7,1686,80360
7,1687,87684
7,1688,78251
7,1689,76618
7,1690,7615
7,1691,4993
7,1692,8712
7,1693,10428
7,1694,9082
7,1695,7815
7,1696,11223
7,1697,9933
7,1698,34925
7,1699,102265
7,1700,10828
7,1701,13321
7,1702,38897
7,1703,19828
7,1704,11690
7,1705,12409
7,1706,17123
7,1707,9805
7,1708,16595
7,1709,14372
7,1710,15634
3,1711,6781
3,1712,12801
3,1713,14218
3,1714,17653
3,1715,10006
3,1716,89340
3,1717,91998
3,1718,76674
3,1719,61815
3,1720,5165
3,1721,5525
3,1722,11207
3,1723,8282
3,1724,16026
3,1725,12337
3,1726,10882
3,1727,6852
3,1728,27620
3,1729,75166
3,1730,14298
3,1731,17370
3,1732,31605
3,1733,18522
3,1734,9730
3,1735,17959
3,1736,7731
3,1737,9435
3,1738,11327
3,1739,21474
3,1740,8266
5,1741,6062
5,1742,10732
5,1743,7970
5,1744,11341
5,1745,13649
5,1746,76261
5,1747,124955
5,1748,70800
5,1749,67544
5,1750,9228
5,1751,6442
5,1752,8643
5,1753,14095
5,1754,12238
5,1755,13011
5,1756,15372
5,1757,13731
5,1758,28134
5,1759,80686
5,1760,14231
5,1761,17189
5,1762,46208
5,1763,11530
5,1764,10312
5,1765,9399
5,1766,9397
5,1767,17658
5,1768,9483
5,1769,12726
5,1770,17362
0,1771,5950
0,1772,7132
0,1773,24436
0,1774,14017
0,1775,8748
0,1776,102580
0,1777,115106
0,1778,77393
0,1779,54874
0,1780,12815
0,1781,7866
0,1782,5344
0,1783,8528
0,1784,7001
0,1785,10214
0,1786,11318
0,1787,16039
0,1788,16228
0,1789,109570
0,1790,10616
0,1791,9551
0,1792,48411
0,1793,18143
0,1794,15951
0,1795,14500
0,1796,11074
0,1797,14010
0,1798,11480
0,1799,8516
0,1800,12053
7,1801,5462
7,1802,7079
7,1803,12861
7,1804,9218
7,1805,11137
7,1806,80360
7,1807,87684
7,1808,78251
7,1809,76618
7,1810,7615
7,1811,4993
7,1812,8712
7,1813,10428
7,1814,9082
7,1815,7815
7,1816,11223
7,1817,9933
7,1818,34925
7,1819,102265
7,1820,10828
7,1821,13321
7,1822,38897
7,1823,19828
7,1824,11690
7,1825,12409
7,1826,17123
7,1827,9805
7,1828,16595
7,1829,14372
7,1830,15634
3,1831,6781
3,1832,12801
3,1833,14218
3,1834,17653
3,1835,10006
3,1836,89340
3,1837,91998
3,1838,76674
3,1839,61815
3,1840,5165
3,1841,5525
3,1842,11207
3,1843,8282
3,1844,16026
3,1845,12337
3,1846,10882
3,1847,6852
3,1848,27620
3,1849,75166
3,1850,14298
3,1851,17370
3,1852,31605
3,1853,18522
3,1854,9730
3,1855,17959
3,1856,7731
3,1857,9435
3,1858,11327
3,1859,21474
3,1860,8266
0,1861,5950
0,1862,7132
0,1863,24436
0,1864,14017
0,1865,8748
0,1866,102580
0,1867,115106
0,1868,77393
0,1869,54874
0,1870,12815
0,1871,7866
0,1872,5344
0,1873,8528
0,1874,7001
0,1875,10214
0,1876,11318
0,1877,16039
0,1878,16228
0,1879,109570
0,1880,10616
0,1881,9551
0,1882,48411
0,1883,18143
0,1884,15951
0,1885,14500
0,1886,11074
0,1887,14010
0,1888,11480
0,1889,8516
0,1890,12053
5,1891,6062
5,1892,10732
5,1893,7970
5,1894,11341
5,1895,13649
5,1896,76261
5,1897,124955
5,1898,70800
5,1899,67544
5,1900,9228
5,1901,6442
5,1902,8643
5,1903,14095
5,1904,12238
5,1905,13011
5,1906,15372
5,1907,13731
5,1908,28134
5,1909,80686
5,1910,14231
5,1911,17189
5,1912,46208
5,1913,11530
5,1914,10312
5,1915,9399
5,1916,9397
5,1917,17658
5,1918,9483
5,1919,12726
5,1920,17362
5,1921,6062
5,1922,10732
5,1923,7970
5,1924,11341
5,1925,13649
5,1926,76261
5,1927,124955
5,1928,70800
5,1929,67544
5,1930,9228
5,1931,6442
5,1932,8643
5,1933,14095
5,1934,12238
5,1935,13011
5,1936,15372
5,1937,13731
5,1938,28134
5,1939,80686
5,1940,14231
5,1941,17189
5,1942,46208
5,1943,11530
5,1944,10312
5,1945,9399
5,1946,9397
5,1947,17658
5,1948,9483
5,1949,12726
5,1950,17362
3,1951,6781
3,1952,12801
3,1953,14218
3,1954,17653
3,1955,10006
3,1956,89340
3,1957,91998
3,1958,76674
3,1959,61815
3,1960,5165
3,1961,5525
3,1962,11207
3,1963,8282
3,1964,16026
3,1965,12337
3,1966,10882
3,1967,6852
3,1968,27620
3,1969,75166
3,1970,14298
3,1971,17370
3,1972,31605
3,1973,18522
3,1974,9730
3,1975,17959
3,1976,7731
3,1977,9435
3,1978,11327
3,1979,21474
3,1980,8266
0,1981,5950
0,1982,7132
0,1983,24436
0,1984,14017
0,1985,8748
0,1986,102580
0,1987,115106
0,1988,77393
0,1989,54874
0,1990,12815
0,1991,7866
0,1992,5344
0,1993,8528
0,1994,7001
0,1995,10214
0,1996,11318
0,1997,16039
0,1998,16228
0,1999,109570
0,2000,10616
0,2001,9551
0,2002,48411
0,2003,18143
0,2004,15951
0,2005,14500
0,2006,11074
0,2007,14010
0,2008,11480
0,2009,8516
0,2010,12053
7,2011,5462
7,2012,7079
7,2013,12861
7,2014,9218
7,2015,11137
7,2016,80360
7,2017,87684
7,2018,78251
7,2019,76618
7,2020,7615
7,2021,4993
7,2022,8712
7,2023,10428
7,2024,9082
7,2025,7815
7,2026,11223
7,2027,9933
7,2028,34925
7,2029,102265
7,2030,10828
7,2031,13321
7,2032,38897
7,2033,19828
7,2034,11690
7,2035,12409
7,2036,17123
7,2037,9805
7,2038,16595
7,2039,14372
7,2040,15634
3,2041,6781
3,2042,12801
3,2043,14218
3,2044,17653
3,2045,10006
3,2046,89340
3,2047,91998
3,2048,76674
3,2049,61815
3,2050,5165
3,2051,5525
3,2052,11207
3,2053,8282
3,2054,16026
3,2055,12337
3,2056,10882
3,2057,6852
3,2058,27620
3,2059,75166
3,2060,14298
3,2061,17370
3,2062,31605
3,2063,18522
3,2064,9730
3,2065,17959
3,2066,7731
3,2067,9435
3,2068,11327
3,2069,21474
3,2070,8266
0,2071,5950
0,2072,7132
0,2073,24436
0,2074,14017
0,2075,8748
0,2076,102580
0,2077,115106
0,2078,77393
0,2079,54874
0,2080,12815
0,2081,7866
0,2082,5344
0,2083,8528
0,2084,7001
0,2085,10214
0,2086,11318
0,2087,16039
0,2088,16228
0,2089,109570
0,2090,10616
0,2091,9551
0,2092,48411
0,2093,18143
0,2094,15951
0,2095,14500
0,2096,11074
0,2097,14010
0,2098,11480
0,2099,8516
0,2100,12053
5,2101,6062
5,2102,10732
5,2103,7970
5,2104,11341
5,2105,13649
5,2106,76261
5,2107,124955
5,2108,70800
5,2109,67544
5,2110,9228
5,2111,6442
5,2112,8643
5,2113,14095
5,2114,12238
5,2115,13011
5,2116,15372
5,2117,13731
5,2118,28134
5,2119,80686
5,2120,14231
5,2121,17189
5,2122,46208
5,2123,11530
5,2124,10312
5,2125,9399
5,2126,9397
5,2127,17658
5,2128,9483
5,2129,12726
5,2130,17362
7,2131,5462
7,2132,7079
7,2133,12861
7,2134,9218
7,2135,11137
7,2136,80360
7,2137,87684
7,2138,78251
7,2139,76618
7,2140,7615
7,2141,4993
7,2142,8712
7,2143,10428
7,2144,9082
7,2145,7815
7,2146,11223
7,2147,9933
7,2148,34925
7,2149,102265
7,2150,10828
7,2151,13321
7,2152,38897
7,2153,19828
7,2154,11690
7,2155,12409
7,2156,17123
7,2157,9805
7,2158,16595
7,2159,14372
7,2160,15634
0,2161,5950
0,2162,7132
0,2163,24436
0,2164,14017
0,2165,8748
0,2166,102580
0,2167,115106
0,2168,77393
0,2169,54874
0,2170,12815
0,2171,7866
0,2172,5344
0,2173,8528
0,2174,7001
0,2175,10214
0,2176,11318
0,2177,16039
0,2178,16228
0,2179,109570
0,2180,10616
0,2181,9551
0,2182,48411
0,2183,18143
0,2184,15951
0,2185,14500
0,2186,11074
0,2187,14010
0,2188,11480
0,2189,8516
0,2190,12053
3,2191,6781
3,2192,12801
3,2193,14218
3,2194,17653
3,2195,10006
3,2196,89340
3,2197,91998
3,2198,76674
3,2199,61815
3,2200,5165
3,2201,5525
3,2202,11207
3,2203,8282
3,2204,16026
3,2205,12337
3,2206,10882
3,2207,6852
3,2208,27620
3,2209,75166
3,2210,14298
3,2211,17370
3,2212,31605
3,2213,18522
3,2214,9730
3,2215,17959
3,2216,7731
3,2217,9435
3,2218,11327
3,2219,21474
3,2220,8266
5,2221,6062
5,2222,10732
5,2223,7970
5,2224,11341
5,2225,13649
5,2226,76261
5,2227,124955
5,2228,70800
5,2229,67544
5,2230,9228
5,2231,6442
5,2232,8643
5,2233,14095
5,2234,12238
5,2235,13011
5,2236,15372
5,2237,13731
5,2238,28134
5,2239,80686
5,2240,14231
5,2241,17189
5,2242,46208
5,2243,11530
5,2244,10312
5,2245,9399
5,2246,9397
5,2247,17658
5,2248,9483
5,2249,12726
5,2250,17362
7,2251,5462
7,2252,7079
7,2253,12861
7,2254,9218
7,2255,11137
7,2256,80360
7,2257,87684
7,2258,78251
7,2259,76618
7,2260,7615
7,2261,4993
7,2262,8712
7,2263,10428
7,2264,9082
7,2265,7815
7,2266,11223
7,2267,9933
7,2268,34925
7,2269,102265
7,2270,10828
7,2271,13321
7,2272,38897
7,2273,19828
7,2274,11690
7,2275,12409
7,2276,17123
7,2277,9805
7,2278,16595
7,2279,14372
7,2280,15634
7,2281,5462
7,2282,7079
7,2283,12861
7,2284,9218
7,2285,11137
7,2286,80360
7,2287,87684
7,2288,78251
7,2289,76618
7,2290,7615
7,2291,4993
7,2292,8712
7,2293,10428
7,2294,9082
7,2295,7815
7,2296,11223
7,2297,9933
7,2298,34925
7,2299,102265
7,2300,10828
7,2301,13321
7,2302,38897
7,2303,19828
7,2304,11690
7,2305,12409
7,2306,17123
7,2307,9805
7,2308,16595
7,2309,14372
7,2310,15634
5,2311,6062
5,2312,10732
5,2313,7970
5,2314,11341
5,2315,13649
5,2316,76261
5,2317,124955
5,2318,70800
5,2319,67544
5,2320,9228
5,2321,6442
5,2322,8643
5,2323,14095
5,2324,12238
5,2325,13011
5,2326,15372
5,2327,13731
5,2328,28134
5,2329,80686
5,2330,14231
5,2331,17189
5,2332,46208
5,2333,11530
5,2334,10312
5,2335,9399
5,2336,9397
5,2337,17658
5,2338,9483
5,2339,12726
5,2340,17362
3,2341,6781
3,2342,12801
3,2343,14218
3,2344,17653
3,2345,10006
3,2346,89340
3,2347,91998
3,2348,76674
3,2349,61815
3,2350,5165
3,2351,5525
3,2352,11207
3,2353,8282
3,2354,16026
3,2355,12337
3,2356,10882
3,2357,6852
3,2358,27620
3,2359,75166
3,2360,14298
3,2361,17370
3,2362,31605
3,2363,18522
3,2364,9730
3,2365,17959
3,2366,7731
3,2367,9435
3,2368,11327
3,2369,21474
3,2370,8266
0,2371,5950
0,2372,7132
0,2373,24436
0,2374,14017
0,2375,8748
0,2376,102580
0,2377,115106
0,2378,77393
0,2379,54874
0,2380,12815
0,2381,7866
0,2382,5344
0,2383,8528
0,2384,7001
0,2385,10214
0,2386,11318
0,2387,16039
0,2388,16228
0,2389,109570
0,2390,10616
0,2391,9551
0,2392,48411
0,2393,18143
0,2394,15951
0,2395,14500
0,2396,11074
0,2397,14010
0,2398,11480
0,2399,8516
0,2400,12053
5,2401,6062
5,2402,10732
5,2403,7970
5,2404,11341
5,2405,13649
5,2406,76261
5,2407,124955
5,2408,70800
5,2409,67544
5,2410,9228
5,2411,6442
5,2412,8643
5,2413,14095
5,2414,12238
5,2415,13011
5,2416,15372
5,2417,13731
5,2418,28134
5,2419,80686
5,2420,14231
5,2421,17189
5,2422,46208
5,2423,11530
5,2424,10312
5,2425,9399
5,2426,9397
5,2427,17658
5,2428,9483
5,2429,12726
5,2430,17362
3,2431,6781
3,2432,12801
3,2433,14218
3,2434,17653
3,2435,10006
3,2436,89340
3,2437,91998
3,2438,76674
3,2439,61815
3,2440,5165
3,2441,5525
3,2442,11207
3,2443,8282
3,2444,16026
3,2445,12337
3,2446,10882
3,2447,6852
3,2448,27620
3,2449,75166
3,2450,14298
3,2451,17370
3,2452,31605
3,2453,18522
3,2454,9730
3,2455,17959
3,2456,7731
3,2457,9435
3,2458,11327
3,2459,21474
3,2460,8266
7,2461,5462
7,2462,7079
7,2463,12861
7,2464,9218
7,2465,11137
7,2466,80360
7,2467,87684
7,2468,78251
7,2469,76618
7,2470,7615
7,2471,4993
7,2472,8712
7,2473,10428
7,2474,9082
7,2475,7815
7,2476,11223
7,2477,9933
7,2478,34925
7,2479,102265
7,2480,10828
7,2481,13321
7,2482,38897
7,2483,19828
7,2484,11690
7,2485,12409
7,2486,17123
7,2487,9805
7,2488,16595
7,2489,14372
7,2490,15634
0,2491,5950
0,2492,7132
0,2493,24436
0,2494,14017
0,2495,8748
0,2496,102580
0,2497,115106
0,2498,77393
0,2499,54874
0,2500,12815
0,2501,7866
0,2502,5344
0,2503,8528
0,2504,7001
0,2505,10214
0,2506,11318
0,2507,16039
0,2508,16228
0,2509,109570
0,2510,10616
0,2511,9551
0,2512,48411
0,2513,18143
0,2514,15951
0,2515,14500
0,2516,11074
0,2517,14010
0,2518,11480
0,2519,8516
0,2520,12053
5,2521,6062
5,2522,10732
5,2523,7970
5,2524,11341
5,2525,13649
5,2526,76261
5,2527,124955
5,2528,70800
5,2529,67544
5,2530,9228
5,2531,6442
5,2532,8643
5,2533,14095
5,2534,12238
5,2535,13011
5,2536,15372
5,2537,13731
5,2538,28134
5,2539,80686
5,2540,14231
5,2541,17189
5,2542,46208
5,2543,11530
5,2544,10312
5,2545,9399
5,2546,9397
5,2547,17658
5,2548,9483
5,2549,12726
5,2550,17362
0,2551,5950
0,2552,7132
0,2553,24436
0,2554,14017
0,2555,8748
0,2556,102580
0,2557,115106
0,2558,77393
0,2559,54874
0,2560,12815
0,2561,7866
0,2562,5344
0,2563,8528
0,2564,7001
0,2565,10214
0,2566,11318
0,2567,16039
0,2568,16228
0,2569,109570
0,2570,10616
0,2571,9551
0,2572,48411
0,2573,18143
0,2574,15951
0,2575,14500
0,2576,11074
0,2577,14010
0,2578,11480
0,2579,8516
0,2580,12053
7,2581,5462
7,2582,7079
7,2583,12861
7,2584,9218
7,2585,11137
7,2586,80360
7,2587,87684
7,2588,78251
7,2589,76618
7,2590,7615
7,2591,4993
7,2592,8712
7,2593,10428
7,2594,9082
7,2595,7815
7,2596,11223
7,2597,9933
7,2598,34925
7,2599,102265
7,2600,10828
7,2601,13321
7,2602,38897
7,2603,19828
7,2604,11690
7,2605,12409
7,2606,17123
7,2607,9805
7,2608,16595
7,2609,14372
7,2610,15634
3,2611,6781
3,2612,12801
3,2613,14218
3,2614,17653
3,2615,10006
3,2616,89340
3,2617,91998
3,2618,76674
3,2619,61815
3,2620,5165
3,2621,5525
3,2622,11207
3,2623,8282
3,2624,16026
3,2625,12337
3,2626,10882
3,2627,6852
3,2628,27620
3,2629,75166
3,2630,14298
3,2631,17370
3,2632,31605
3,2633,18522
3,2634,9730
3,2635,17959
3,2636,7731
3,2637,9435
3,2638,11327
3,2639,21474
3,2640,8266
0,2641,5950
0,2642,7132
0,2643,24436
0,2644,14017
0,2645,8748
0,2646,102580
0,2647,115106
0,2648,77393
0,2649,54874
0,2650,12815
0,2651,7866
0,2652,5344
0,2653,8528
0,2654,7001
0,2655,10214
0,2656,11318
0,2657,16039
0,2658,16228
0,2659,109570
0,2660,10616
0,2661,9551
0,2662,48411
0,2663,18143
0,2664,15951
0,2665,14500
0,2666,11074
0,2667,14010
0,2668,11480
0,2669,8516
0,2670,12053
3,2671,6781
3,2672,12801
3,2673,14218
3,2674,17653
3,2675,10006
3,2676,89340
3,2677,91998
3,2678,76674
3,2679,61815
3,2680,5165
3,2681,5525
3,2682,11207
3,2683,8282
3,2684,16026
3,2685,12337
3,2686,10882
3,2687,6852
3,2688,27620
3,2689,75166
3,2690,14298
3,2691,17370
3,2692,31605
3,2693,18522
3,2694,9730
3,2695,17959
3,2696,7731
3,2697,9435
3,2698,11327
3,2699,21474
3,2700,8266
7,2701,5462
7,2702,7079
7,2703,12861
7,2704,9218
7,2705,11137
7,2706,80360
7,2707,87684
7,2708,78251
7,2709,76618
7,2710,7615
7,2711,4993
7,2712,8712
7,2713,10428
7,2714,9082
7,2715,7815
7,2716,11223
7,2717,9933
7,2718,34925
7,2719,102265
7,2720,10828
7,2721,13321
7,2722,38897
7,2723,19828
7,2724,11690
7,2725,12409
7,2726,17123
7,2727,9805
7,2728,16595
7,2729,14372
7,2730,15634
5,2731,6062
5,2732,10732
5,2733,7970
5,2734,11341
5,2735,13649
5,2736,76261
5,2737,124955
5,2738,70800
5,2739,67544
5,2740,9228
5,2741,6442
5,2742,8643
5,2743,14095
5,2744,12238
5,2745,13011
5,2746,15372
5,2747,13731
5,2748,28134
5,2749,80686
5,2750,14231
5,2751,17189
5,2752,46208
5,2753,11530
5,2754,10312
5,2755,9399
5,2756,9397
5,2757,17658
5,2758,9483
5,2759,12726
5,2760,17362
7,2761,5462
7,2762,7079
7,2763,12861
7,2764,9218
7,2765,11137
7,2766,80360
7,2767,87684
7,2768,78251
7,2769,76618
7,2770,7615
7,2771,4993
7,2772,8712
7,2773,10428
7,2774,9082
7,2775,7815
7,2776,11223
7,2777,9933
7,2778,34925
7,2779,102265
7,2780,10828
7,2781,13321
7,2782,38897
7,2783,19828
7,2784,11690
7,2785,12409
7,2786,17123
7,2787,9805
7,2788,16595
7,2789,14372
7,2790,15634
0,2791,5950
0,2792,7132
0,2793,24436
0,2794,14017
0,2795,8748
0,2796,102580
0,2797,115106
0,2798,77393
0,2799,54874
0,2800,12815
0,2801,7866
0,2802,5344
0,2803,8528
0,2804,7001
0,2805,10214
0,2806,11318
0,2807,16039
0,2808,16228
0,2809,109570
0,2810,10616
0,2811,9551
0,2812,48411
0,2813,18143
0,2814,15951
0,2815,14500
0,2816,11074
0,2817,14010
0,2818,11480
0,2819,8516
0,2820,12053
3,2821,6781
3,2822,12801
3,2823,14218
3,2824,17653
3,2825,10006
3,2826,89340
3,2827,91998
3,2828,76674
3,2829,61815
3,2830,5165
3,2831,5525
3,2832,11207
3,2833,8282
3,2834,16026
3,2835,12337
3,2836,10882
3,2837,6852
3,2838,27620
3,2839,75166
3,2840,14298
3,2841,17370
3,2842,31605
3,2843,18522
3,2844,9730
3,2845,17959
3,2846,7731
3,2847,9435
3,2848,11327
3,2849,21474
3,2850,8266
5,2851,6062
5,2852,10732
5,2853,7970
5,2854,11341
5,2855,13649
5,2856,76261
5,2857,124955
5,2858,70800
5,2859,67544
5,2860,9228
5,2861,6442
5,2862,8643
5,2863,14095
5,2864,12238
5,2865,13011
5,2866,15372
5,2867,13731
5,2868,28134
5,2869,80686
5,2870,14231
5,2871,17189
5,2872,46208
5,2873,11530
5,2874,10312
5,2875,9399
5,2876,9397
5,2877,17658
5,2878,9483
5,2879,12726
5,2880,17362
